1,trung,06-04,nam,2.01803579E8,7.82147337E8,hungle06041998@gmail.com,TRUNGCAP,lễtân,5.2
